{"cameraMode":{"drawMode":0,"name":"Shaded","section":"Shading Mode"},"sceneLighting":true,"audioPlay":false,"sceneViewState":{"m_AlwaysRefresh":false,"showFog":true,"showSkybox":true,"showFlares":true,"showImageEffects":true,"showParticleSystems":true,"showVisualEffectGraphs":true,"m_FxEnabled":true},"in2DMode":false,"pivot":{"x":1.3936553001403809,"y":-2.136293411254883,"z":7.132909297943115},"rotation":{"x":0.1328064501285553,"y":-0.06625355780124664,"z":0.008897529914975167,"w":0.9888871312141419},"size":8.150985717773438,"orthographic":true}